{
  "baseline": {
    "n_cycles": 1412,
    "n_wins": 842,
    "n_busts": 11,
    "win_rate": 59.63,
    "bust_rate": 0.78,
    "net_pnl": 1924.3,
    "avg_win_pnl": 17.71,
    "avg_bust_pnl": -810.39,
    "profit_factor": 1.15,
    "bust_erase_ratio": 45.8,
    "avg_level": 1.92,
    "max_level": 12,
    "avg_bars": 156.1,
    "level_dist": {
      "0": 473,
      "1": 299,
      "2": 235,
      "3": 145,
      "4": 96,
      "5": 57,
      "6": 39,
      "7": 20,
      "8": 16,
      "9": 12,
      "10": 7,
      "11": 3,
      "12": 10
    }
  },
  "n_computed": 160,
  "top_20_auc": {
    "dm_14": {
      "auc": 0.7314,
      "direction": "lower_busts",
      "cohens_d": 0.8362,
      "p30": 0.001034,
      "p50": 0.001364,
      "p70": 0.001762
    },
    "safezonestop_14": {
      "auc": 0.7308,
      "direction": "higher_busts",
      "cohens_d": 0.8732,
      "p30": 1.075897,
      "p50": 1.087903,
      "p70": 1.12552
    },
    "chande_14": {
      "auc": 0.7244,
      "direction": "higher_busts",
      "cohens_d": 0.8406,
      "p30": 1.078021,
      "p50": 1.09082,
      "p70": 1.130393
    },
    "devstop_14": {
      "auc": 0.7238,
      "direction": "higher_busts",
      "cohens_d": 0.8366,
      "p30": 1.078682,
      "p50": 1.091608,
      "p70": 1.131167
    },
    "sar": {
      "auc": 0.7237,
      "direction": "higher_busts",
      "cohens_d": 0.8422,
      "p30": 1.078247,
      "p50": 1.091245,
      "p70": 1.130421
    },
    "kaufmanstop_14": {
      "auc": 0.7235,
      "direction": "higher_busts",
      "cohens_d": 0.8441,
      "p30": 1.077768,
      "p50": 1.090304,
      "p70": 1.130014
    },
    "mab": {
      "auc": 0.7233,
      "direction": "higher_busts",
      "cohens_d": 0.8367,
      "p30": 1.079015,
      "p50": 1.091377,
      "p70": 1.131095
    },
    "mama": {
      "auc": 0.7233,
      "direction": "higher_busts",
      "cohens_d": 0.8375,
      "p30": 1.078666,
      "p50": 1.091235,
      "p70": 1.130759
    },
    "jma_14": {
      "auc": 0.723,
      "direction": "higher_busts",
      "cohens_d": 0.837,
      "p30": 1.078769,
      "p50": 1.091276,
      "p70": 1.131118
    },
    "supertrend_14": {
      "auc": 0.723,
      "direction": "higher_busts",
      "cohens_d": 0.841,
      "p30": 1.078401,
      "p50": 1.091621,
      "p70": 1.13091
    },
    "zlema_14": {
      "auc": 0.723,
      "direction": "higher_busts",
      "cohens_d": 0.837,
      "p30": 1.078836,
      "p50": 1.091374,
      "p70": 1.131249
    },
    "gauss_14": {
      "auc": 0.7228,
      "direction": "higher_busts",
      "cohens_d": 0.8371,
      "p30": 1.078737,
      "p50": 1.091369,
      "p70": 1.131056
    },
    "hma_14": {
      "auc": 0.7228,
      "direction": "higher_busts",
      "cohens_d": 0.8378,
      "p30": 1.078913,
      "p50": 1.091404,
      "p70": 1.131257
    },
    "maaq_14": {
      "auc": 0.7228,
      "direction": "higher_busts",
      "cohens_d": 0.8364,
      "p30": 1.07838,
      "p50": 1.091347,
      "p70": 1.131236
    },
    "medprice": {
      "auc": 0.7227,
      "direction": "higher_busts",
      "cohens_d": 0.837,
      "p30": 1.079014,
      "p50": 1.0915,
      "p70": 1.131237
    },
    "mwdx": {
      "auc": 0.7227,
      "direction": "higher_busts",
      "cohens_d": 0.8363,
      "p30": 1.078631,
      "p50": 1.091368,
      "p70": 1.130898
    },
    "alma_14": {
      "auc": 0.7226,
      "direction": "higher_busts",
      "cohens_d": 0.8369,
      "p30": 1.078723,
      "p50": 1.091287,
      "p70": 1.131065
    },
    "avgprice": {
      "auc": 0.7226,
      "direction": "higher_busts",
      "cohens_d": 0.8369,
      "p30": 1.078994,
      "p50": 1.091507,
      "p70": 1.13125
    },
    "cwma_14": {
      "auc": 0.7226,
      "direction": "higher_busts",
      "cohens_d": 0.8365,
      "p30": 1.07871,
      "p50": 1.09145,
      "p70": 1.131021
    },
    "dema_14": {
      "auc": 0.7226,
      "direction": "higher_busts",
      "cohens_d": 0.8363,
      "p30": 1.078591,
      "p50": 1.091381,
      "p70": 1.130859
    }
  },
  "top_20_gates": {
    "dm_14": {
      "threshold": 0.001364,
      "bust_rate": 0.44,
      "bust_reduction_pct": 43.6,
      "profit_factor": 1.81,
      "net_pnl": 6680.2,
      "pct_kept": 92.6,
      "n_cycles": 1364,
      "auc": 0.7314
    },
    "sar": {
      "threshold": 1.078247,
      "bust_rate": 0.48,
      "bust_reduction_pct": 38.5,
      "profit_factor": 1.52,
      "net_pnl": 4356.3,
      "pct_kept": 89.9,
      "n_cycles": 1245,
      "auc": 0.7237
    },
    "mama": {
      "threshold": 1.078666,
      "bust_rate": 0.48,
      "bust_reduction_pct": 38.5,
      "profit_factor": 1.52,
      "net_pnl": 4336.7,
      "pct_kept": 89.9,
      "n_cycles": 1243,
      "auc": 0.7233
    },
    "maaq_14": {
      "threshold": 1.07838,
      "bust_rate": 0.48,
      "bust_reduction_pct": 38.5,
      "profit_factor": 1.52,
      "net_pnl": 4356.7,
      "pct_kept": 89.9,
      "n_cycles": 1244,
      "auc": 0.7228
    },
    "kama_14": {
      "threshold": 1.078422,
      "bust_rate": 0.48,
      "bust_reduction_pct": 38.5,
      "profit_factor": 1.52,
      "net_pnl": 4356.7,
      "pct_kept": 89.9,
      "n_cycles": 1244,
      "auc": 0.7226
    },
    "chande_14": {
      "threshold": 1.078021,
      "bust_rate": 0.48,
      "bust_reduction_pct": 38.5,
      "profit_factor": 1.51,
      "net_pnl": 4296.3,
      "pct_kept": 89.9,
      "n_cycles": 1244,
      "auc": 0.7244
    },
    "devstop_14": {
      "threshold": 1.078682,
      "bust_rate": 0.48,
      "bust_reduction_pct": 38.5,
      "profit_factor": 1.51,
      "net_pnl": 4315.7,
      "pct_kept": 89.9,
      "n_cycles": 1244,
      "auc": 0.7238
    },
    "jma_14": {
      "threshold": 1.078769,
      "bust_rate": 0.48,
      "bust_reduction_pct": 38.5,
      "profit_factor": 1.51,
      "net_pnl": 4269.9,
      "pct_kept": 89.9,
      "n_cycles": 1244,
      "auc": 0.723
    },
    "gauss_14": {
      "threshold": 1.078737,
      "bust_rate": 0.48,
      "bust_reduction_pct": 38.5,
      "profit_factor": 1.51,
      "net_pnl": 4291.7,
      "pct_kept": 89.9,
      "n_cycles": 1244,
      "auc": 0.7228
    },
    "hma_14": {
      "threshold": 1.078913,
      "bust_rate": 0.48,
      "bust_reduction_pct": 38.5,
      "profit_factor": 1.51,
      "net_pnl": 4269.9,
      "pct_kept": 89.9,
      "n_cycles": 1244,
      "auc": 0.7228
    },
    "mwdx": {
      "threshold": 1.078631,
      "bust_rate": 0.48,
      "bust_reduction_pct": 38.5,
      "profit_factor": 1.51,
      "net_pnl": 4314.4,
      "pct_kept": 89.9,
      "n_cycles": 1244,
      "auc": 0.7227
    },
    "alma_14": {
      "threshold": 1.078723,
      "bust_rate": 0.48,
      "bust_reduction_pct": 38.5,
      "profit_factor": 1.51,
      "net_pnl": 4314.4,
      "pct_kept": 89.9,
      "n_cycles": 1244,
      "auc": 0.7226
    },
    "cwma_14": {
      "threshold": 1.07871,
      "bust_rate": 0.48,
      "bust_reduction_pct": 38.5,
      "profit_factor": 1.51,
      "net_pnl": 4291.7,
      "pct_kept": 89.9,
      "n_cycles": 1244,
      "auc": 0.7226
    },
    "dema_14": {
      "threshold": 1.078591,
      "bust_rate": 0.48,
      "bust_reduction_pct": 38.5,
      "profit_factor": 1.51,
      "net_pnl": 4314.4,
      "pct_kept": 89.9,
      "n_cycles": 1244,
      "auc": 0.7226
    },
    "jsa_14": {
      "threshold": 1.078541,
      "bust_rate": 0.48,
      "bust_reduction_pct": 38.5,
      "profit_factor": 1.51,
      "net_pnl": 4313.0,
      "pct_kept": 89.9,
      "n_cycles": 1245,
      "auc": 0.7226
    },
    "sqwma_14": {
      "threshold": 1.078645,
      "bust_rate": 0.48,
      "bust_reduction_pct": 38.5,
      "profit_factor": 1.51,
      "net_pnl": 4314.4,
      "pct_kept": 89.9,
      "n_cycles": 1244,
      "auc": 0.7226
    },
    "supersmoother_14": {
      "threshold": 1.078708,
      "bust_rate": 0.48,
      "bust_reduction_pct": 38.5,
      "profit_factor": 1.51,
      "net_pnl": 4272.7,