{
  "3": {
    "bic": 194552474310.0709,
    "log_likelihood": -97276231335.75404,
    "n_params": 1058,
    "converged": true
  },
  "5": {
    "bic": 186606043018.82294,
    "log_likelihood": -93303011751.93964,
    "n_params": 1774,
    "converged": true
  },
  "7": {
    "bic": 182564821847.0332,
    "log_likelihood": -91282397183.8522,
    "n_params": 2498,
    "converged": true
  },
  "10": {
    "bic": 177746291184.49533,
    "log_likelihood": -88873125796.79044,
    "n_params": 3599,
    "converged": true
  },
  "15": {
    "bic": 172042003408.4239,
    "log_likelihood": -86020971595.75601,
    "n_params": 5474,
    "converged": true
  },
  "20": {
    "bic": 173191572665.99637,
    "log_likelihood": -86595745636.53024,
    "n_params": 7399,
    "converged": true
  }
}