{
  "dev_auc": 0.9911191593899078,
  "holdout_auc": 0.509444464834049,
  "dev_ap": 0.6938376009487573,
  "holdout_ap": 0.0016171230249671844,
  "feature_importance": {
    "5m_chop": 0.07771923520091836,
    "1H_hurst": 0.07406346979042085,
    "15m_chop": 0.07258665872746166,
    "D1_atr_ratio": 0.06287887694250752,
    "5m_range_atr": 0.05637696954394714,
    "4H_hurst": 0.0554260007787444,
    "5m_hurst": 0.050902605363892656,
    "D1_chop": 0.0466944311459601,
    "D1_adx": 0.04577827700015686,
    "4H_range_atr": 0.04449963430526061,
    "5m_adx": 0.04443915941109761,
    "15m_adx": 0.03842801811234492,
    "15m_range_atr": 0.0379697533759737,
    "4H_chop": 0.03440989867593669,
    "1H_adx": 0.032874157335343275
  }
}