{
  "p_bust_per_regime": {
    "0": 0.0019450522732798443,
    "1": 0.0017425397516880855,
    "2": 0.0023889154323936935,
    "3": 0.0012394645513138325,
    "4": 0.0006289308176100629,
    "5": 0.00191131498470948,
    "6": 0.0,
    "7": 0.0009002520705797623,
    "8": 0.002745995423340961,
    "9": 0.0,
    "10": 0.001397624039133473,
    "11": 0.001693002257336343,
    "12": 0.001558846453624318,
    "13": 0.0026104417670682733,
    "14": 0.0013690592607079992
  },
  "regime_stats": {
    "0": {
      "count": 4113,
      "busts": 8,
      "p_bust": 0.0019450522732798443,
      "ratio_vs_overall": 1.1423558968931604,
      "avg_confidence": 0.9268635381353122
    },
    "1": {
      "count": 4591,
      "busts": 8,
      "p_bust": 0.0017425397516880855,
      "ratio_vs_overall": 1.0234175133786907,
      "avg_confidence": 0.9625037140424663
    },
    "2": {
      "count": 4186,
      "busts": 10,
      "p_bust": 0.0023889154323936935,
      "ratio_vs_overall": 1.4030428224801628,
      "avg_confidence": 0.9453028155063976
    },
    "3": {
      "count": 4034,
      "busts": 5,
      "p_bust": 0.0012394645513138325,
      "ratio_vs_overall": 0.7279545432451613,
      "avg_confidence": 0.9763809113367965
    },
    "4": {
      "count": 1590,
      "busts": 1,
      "p_bust": 0.0006289308176100629,
      "ratio_vs_overall": 0.36937970156616107,
      "avg_confidence": 0.9740979804691098
    },
    "5": {
      "count": 5232,
      "busts": 10,
      "p_bust": 0.00191131498470948,
      "ratio_vs_overall": 1.122541524254962,
      "avg_confidence": 0.9462672879379254
    },
    "6": {
      "count": 994,
      "busts": 0,
      "p_bust": 0.0,
      "ratio_vs_overall": 0.0,
      "avg_confidence": 0.9631589589159679
    },
    "7": {
      "count": 5554,
      "busts": 5,
      "p_bust": 0.0009002520705797623,
      "ratio_vs_overall": 0.5287303974524632,
      "avg_confidence": 0.9886561553193662
    },
    "8": {
      "count": 4370,
      "busts": 12,
      "p_bust": 0.002745995423340961,
      "ratio_vs_overall": 1.612760802261408,
      "avg_confidence": 0.9445236689513995
    },
    "9": {
      "count": 408,
      "busts": 0,
      "p_bust": 0.0,
      "ratio_vs_overall": 0.0,
      "avg_confidence": 0.9999999999994293
    },
    "10": {
      "count": 4293,
      "busts": 6,
      "p_bust": 0.001397624039133473,
      "ratio_vs_overall": 0.8208437812581357,
      "avg_confidence": 0.9641913245519846
    },
    "11": {
      "count": 5316,
      "busts": 9,
      "p_bust": 0.001693002257336343,
      "ratio_vs_overall": 0.9943234630195193,
      "avg_confidence": 0.9452715024159334
    },
    "12": {
      "count": 5132,
      "busts": 8,
      "p_bust": 0.001558846453624318,
      "ratio_vs_overall": 0.9155319181452785,
      "avg_confidence": 0.9548773165831765
    },
    "13": {
      "count": 4980,
      "busts": 13,
      "p_bust": 0.0026104417670682733,
      "ratio_vs_overall": 1.5331482793920783,
      "avg_confidence": 0.9483858604700237
    },
    "14": {
      "count": 5113,
      "busts": 7,
      "p_bust": 0.0013690592607079992,
      "ratio_vs_overall": 0.8040672948232687,
      "avg_confidence": 0.9605984242150604
    }
  },
  "overall_bust_rate": 0.0017026675124361499
}