{
  "gate_result": "FAIL",
  "observed_variance": 6.498302888758266e-07,
  "p_value_permutation": 0.405,
  "p_value_chi_squared": 0.49950998303953753,
  "n_permutations": 1000,
  "null_mean": 7.318751917939471e-07,
  "null_std": 6.12484056554769e-07,
  "null_max": 7.88748806125463e-06,
  "significance_reject": 0.01,
  "significance_accept": 0.05,
  "n_states_selected": 15,
  "bic_scores": {
    "3": 194552474310.0709,
    "5": 186606043018.82294,
    "7": 182564821847.0332,
    "10": 177746291184.49533,
    "15": 172042003408.4239,
    "20": 173191572665.99637
  }
}