{
  "0": [
    0.6659959758551308,
    0.5558912386706949,
    0.5706521739130435,
    0.4857142857142857,
    0.6078431372549019,
    0.5483870967741935,
    0.6470588235294118,
    0.7272727272727273,
    0.5
  ],
  "1": [
    0.65,
    0.5714285714285714,
    0.7307692307692307,
    0.5789473684210527,
    0.5454545454545454,
    0.5,
    0.5
  ],
  "2": [
    0.588477366255144,
    0.5384615384615384,
    0.5194805194805194,
    0.475,
    0.42105263157894735,
    0.75,
    0.5
  ],
  "3": [
    0.6391437308868502,
    0.6028708133971292,
    0.5952380952380952,
    0.6133333333333333,
    0.5,
    0.6086956521739131,
    0.5,
    0.7142857142857143
  ],
  "4": [
    0.39622641509433965,
    0.3333333333333333,
    0.42857142857142855
  ],
  "5": [
    0.6483333333333333,
    0.5398457583547558,
    0.5142857142857142,
    0.5462962962962963,
    0.6101694915254238,
    0.6666666666666666,
    0.5833333333333334,
    0.6428571428571429,
    0.3333333333333333
  ],
  "6": [
    0.6184971098265896,
    0.5747663551401869,
    0.6341463414634146,
    0.46153846153846156,
    0.6944444444444444,
    0.48,
    0.6666666666666666,
    0.5
  ],
  "7": [
    0.612565445026178,
    0.5384615384615384,
    0.49206349206349204,
    0.5645161290322581,
    0.5142857142857142,
    0.4444444444444444,
    0.625
  ],
  "8": [
    0.6363636363636364,
    0.5714285714285714,
    0.5
  ],
  "9": [
    0.6686046511627907,
    0.5217391304347826,
    0.48333333333333334,
    0.4482758620689655,
    0.6923076923076923,
    0.5555555555555556
  ],
  "10": [
    0.6652542372881356,
    0.6305732484076433,
    0.5252525252525253,
    0.5192307692307693,
    0.5555555555555556,
    0.6666666666666666,
    0.7,
    0.5714285714285714
  ],
  "11": [
    0.6408934707903781,
    0.5603217158176944,
    0.569377990430622,
    0.5210084033613446,
    0.5806451612903226,
    0.5,
    0.4444444444444444,
    0.5
  ],
  "12": [
    0.6372093023255814,
    0.5912408759124088,
    0.5555555555555556,
    0.4444444444444444,
    0.55,
    0.45454545454545453
  ],
  "13": [
    0.612094395280236,
    0.5518072289156627,
    0.47161572052401746,
    0.5,
    0.42592592592592593,
    0.6956521739130435,
    0.625,
    0.7,
    0.5714285714285714
  ],
  "14": null,
  "15": [
    0.6363636363636364,
    0.2857142857142857,
    0.7,
    0.42857142857142855
  ],
  "16": [
    0.5798045602605864,
    0.5730337078651685,
    0.5980392156862745,
    0.6065573770491803,
    0.5675675675675675,
    0.6190476190476191,
    0.46153846153846156,
    0.6666666666666666
  ],
  "17": [
    0.5602836879432624,
    0.5569620253164557,
    0.5909090909090909,
    0.5384615384615384,
    0.35714285714285715
  ],
  "18": [
    0.6135629709364908,
    0.5596491228070175,
    0.6175548589341693,
    0.5126903553299492,
    0.5148514851485149,
    0.5769230769230769,
    0.6,
    0.5,
    0.3333333333333333
  ],
  "19": [
    0.6777777777777778,
    0.5300546448087432,
    0.6494845360824743,
    0.4603174603174603,
    0.5517241379310345,
    0.625,
    0.7,
    0.8571428571428571,
    0.6666666666666666
  ]
}