{
  "all_feature_names": [
    "natr_14",
    "natr_50",
    "atr_ratio_14_50",
    "bollinger_width_20",
    "atr_14",
    "adx_14",
    "adx_28",
    "ema_slope_8",
    "ema_slope_21",
    "aroon_osc",
    "dm_diff",
    "chop_14",
    "er_50",
    "er_100",
    "hurst_100",
    "rsi_14",
    "rsi_28",
    "cci_20",
    "roc_10",
    "stoch_k",
    "session_hour",
    "day_of_week",
    "hl_range_norm",
    "close_position"
  ],
  "selected_indices": [
    0,
    4,
    1,
    3,
    22,
    11,
    18,
    8,
    10,
    7
  ],
  "selected_names": [
    "natr_14",
    "atr_14",
    "natr_50",
    "bollinger_width_20",
    "hl_range_norm",
    "chop_14",
    "roc_10",
    "ema_slope_21",
    "dm_diff",
    "ema_slope_8"
  ],
  "scores": [
    0.544019357443578,
    0.4941582521487565,
    0.3299799245407036,
    0.27772323573527036,
    0.24861152261880903,
    0.1496159003974049,
    0.1447227987600821,
    0.14136332118310224,
    0.14130435194138524,
    0.13111828017322846
  ],
  "macro_indices": [
    0,
    4,
    1,
    3,
    11
  ],
  "macro_names": [
    "natr_14",
    "atr_14",
    "natr_50",
    "bollinger_width_20",
    "chop_14"
  ],
  "macro_scores": [
    0.544019357443578,
    0.4941582521487565,
    0.3299799245407036,
    0.27772323573527036,
    0.1496159003974049
  ],
  "sub_indices": [
    22,
    18
  ],
  "sub_names": [
    "hl_range_norm",
    "roc_10"
  ],
  "sub_scores": [
    0.24861152261880903,
    0.1447227987600821
  ]
}