{
  "all_feature_names": [
    "natr_14",
    "natr_50",
    "atr_ratio_14_50",
    "bollinger_width_20",
    "atr_14",
    "adx_14",
    "adx_28",
    "ema_slope_8",
    "ema_slope_21",
    "aroon_osc",
    "dm_diff",
    "chop_14",
    "er_50",
    "er_100",
    "hurst_100",
    "rsi_14",
    "rsi_28",
    "cci_20",
    "roc_10",
    "stoch_k",
    "session_hour",
    "day_of_week",
    "hl_range_norm",
    "close_position"
  ],
  "selected_indices": [
    0,
    4,
    1,
    3,
    22,
    20,
    11,
    18,
    10,
    8
  ],
  "selected_names": [
    "natr_14",
    "atr_14",
    "natr_50",
    "bollinger_width_20",
    "hl_range_norm",
    "session_hour",
    "chop_14",
    "roc_10",
    "dm_diff",
    "ema_slope_21"
  ],
  "scores": [
    0.5899143771742379,
    0.5309229679001302,
    0.33794209055434155,
    0.2749860968235298,
    0.24110133453360216,
    0.14986832582508702,
    0.12264536107613555,
    0.12073932417464772,
    0.11623926981512223,
    0.1158268377280065
  ],
  "macro_indices": [
    0,
    4,
    1,
    3,
    11
  ],
  "macro_names": [
    "natr_14",
    "atr_14",
    "natr_50",
    "bollinger_width_20",
    "chop_14"
  ],
  "macro_scores": [
    0.5899143771742379,
    0.5309229679001302,
    0.33794209055434155,
    0.2749860968235298,
    0.12264536107613555
  ],
  "sub_indices": [
    22,
    20,
    18
  ],
  "sub_names": [
    "hl_range_norm",
    "session_hour",
    "roc_10"
  ],
  "sub_scores": [
    0.24110133453360216,
    0.14986832582508702,
    0.12073932417464772
  ]
}