{
  "all_feature_names": [
    "natr_14",
    "natr_50",
    "atr_ratio_14_50",
    "bollinger_width_20",
    "atr_14",
    "adx_14",
    "adx_28",
    "ema_slope_8",
    "ema_slope_21",
    "aroon_osc",
    "dm_diff",
    "chop_14",
    "er_50",
    "er_100",
    "hurst_100",
    "rsi_14",
    "rsi_28",
    "cci_20",
    "roc_10",
    "stoch_k",
    "session_hour",
    "day_of_week",
    "hl_range_norm",
    "close_position"
  ],
  "selected_indices": [
    0,
    4,
    1,
    3,
    22,
    20,
    11,
    18,
    10,
    8
  ],
  "selected_names": [
    "natr_14",
    "atr_14",
    "natr_50",
    "bollinger_width_20",
    "hl_range_norm",
    "session_hour",
    "chop_14",
    "roc_10",
    "dm_diff",
    "ema_slope_21"
  ],
  "scores": [
    0.5898091207933075,
    0.530842112650412,
    0.33791240886892315,
    0.2749600728666062,
    0.24106352739987913,
    0.1509192612754433,
    0.12260491861903966,
    0.1207391039565926,
    0.11611778598125477,
    0.11563815915380782
  ],
  "macro_indices": [
    0,
    4,
    1,
    3,
    11
  ],
  "macro_names": [
    "natr_14",
    "atr_14",
    "natr_50",
    "bollinger_width_20",
    "chop_14"
  ],
  "macro_scores": [
    0.5898091207933075,
    0.530842112650412,
    0.33791240886892315,
    0.2749600728666062,
    0.12260491861903966
  ],
  "sub_indices": [
    22,
    20,
    18
  ],
  "sub_names": [
    "hl_range_norm",
    "session_hour",
    "roc_10"
  ],
  "sub_scores": [
    0.24106352739987913,
    0.1509192612754433,
    0.1207391039565926
  ]
}