{
  "n": 60370,
  "means": {
    "5m_chop": 50.684502289636775,
    "15m_chop": 53.48253283978349,
    "5m_adx": 20.147193827845644,
    "5m_hurst": 0.057171116310862066,
    "1H_atr_ratio": 1.136386778066692,
    "D1_chop": 46.518133970335754,
    "D1_range_atr": 5.005913546001833
  },
  "stds": {
    "D1_range_atr": 1.335301671353949,
    "5m_chop": 9.387150817066262,
    "15m_chop": 10.198274899761321,
    "D1_chop": 9.281731356625755,
    "5m_adx": 7.428594404187258,
    "5m_hurst": 0.0413609189737611,
    "1H_atr_ratio": 0.23606084105632133
  },
  "weights": {
    "D1_range_atr": 0.3,
    "5m_chop": 0.15,
    "15m_chop": 0.15,
    "D1_chop": 0.1,
    "5m_adx": 0.1,
    "5m_hurst": 0.1,
    "1H_atr_ratio": 0.1
  }
}