{
  "n_candles": 469688,
  "n_valid": 401502,
  "n_features_total": 24,
  "n_features_selected": 10,
  "selected_features": [
    "natr_14",
    "atr_14",
    "natr_50",
    "bollinger_width_20",
    "hl_range_norm",
    "chop_14",
    "roc_10",
    "ema_slope_21",
    "dm_diff",
    "ema_slope_8"
  ],
  "mi_scores": {
    "natr_14": 0.544019357443578,
    "atr_14": 0.4941582521487565,
    "natr_50": 0.3299799245407036,
    "bollinger_width_20": 0.27772323573527036,
    "hl_range_norm": 0.24861152261880903,
    "chop_14": 0.1496159003974049,
    "roc_10": 0.1447227987600821,
    "ema_slope_21": 0.14136332118310224,
    "dm_diff": 0.14130435194138524,
    "ema_slope_8": 0.13111828017322846
  },
  "macro_features": [
    "natr_14",
    "atr_14",
    "natr_50",
    "bollinger_width_20",
    "chop_14"
  ],
  "sub_features": [
    "hl_range_norm",
    "roc_10"
  ],
  "n_macro_clusters": 10,
  "n_leaves": 28,
  "leaf_ids": [
    0,
    1,
    2,
    3,
    4,
    5,
    6,
    7,
    8,
    9,
    10,
    11,
    12,
    13,
    14,
    15,
    16,
    17,
    18,
    19,
    20,
    22,
    23,
    24,
    25,
    26,
    27,
    28
  ],
  "leaf_sample_counts": {
    "0": 16147,
    "1": 15366,
    "2": 61460,
    "3": 254,
    "4": 10152,
    "5": 10240,
    "6": 3111,
    "7": 2795,
    "8": 6315,
    "9": 8047,
    "10": 6113,
    "11": 1723,
    "12": 1609,
    "13": 25833,
    "14": 12129,
    "15": 28989,
    "16": 10887,
    "17": 16106,
    "18": 16157,
    "19": 32562,
    "20": 962,
    "22": 1953,
    "23": 1753,
    "24": 14406,
    "25": 13283,
    "26": 50001,
    "27": 17546,
    "28": 15603
  },
  "leaf_map": {
    "0": [
      0,
      0
    ],
    "1": [
      0,
      1
    ],
    "2": [
      1,
      0
    ],
    "3": [
      1,
      1
    ],
    "4": [
      2,
      0
    ],
    "5": [
      2,
      1
    ],
    "6": [
      2,
      2
    ],
    "7": [
      2,
      3
    ],
    "8": [
      3,
      0
    ],
    "9": [
      3,
      1
    ],
    "10": [
      3,
      2
    ],
    "11": [
      3,
      3
    ],
    "12": [
      3,
      4
    ],
    "13": [
      4,
      0
    ],
    "14": [
      4,
      1
    ],
    "15": [
      4,
      2
    ],
    "16": [
      4,
      3
    ],
    "17": [
      5,
      0
    ],
    "18": [
      5,
      1
    ],
    "19": [
      6,
      0
    ],
    "20": [
      7,
      0
    ],
    "22": [
      7,
      2
    ],
    "23": [
      7,
      3
    ],
    "24": [
      8,
      0
    ],
    "25": [
      8,
      1
    ],
    "26": [
      9,
      0
    ],
    "27": [
      9,
      1
    ],
    "28": [
      9,
      2
    ]
  },
  "regime_profiles": {
    "0": {
      "natr_14": 0.04728336657870765,
      "atr_14": 0.0005233132483586928,
      "natr_50": 0.039496360186612345,
      "bollinger_width_20": 0.0017168901165142377,
      "hl_range_norm": 0.0004862337034230586,
      "chop_14": 55.207956587021265,
      "roc_10": -0.05418404850987248,
      "ema_slope_21": -3.0589847899326564e-05,
      "dm_diff": -0.000394281740930124,
      "ema_slope_8": -5.5417021947071264e-05
    },
    "1": {
      "natr_14": 0.047438719105059014,
      "atr_14": 0.0005252692201024677,
      "natr_50": 0.03968326400822109,
      "bollinger_width_20": 0.0017282373899778674,
      "hl_range_norm": 0.0004852040999457032,
      "chop_14": 55.200799582690706,
      "roc_10": 0.05464031540589737,
      "ema_slope_21": 2.9663481650665566e-05,
      "dm_diff": 0.0003341758988202534,
      "ema_slope_8": 5.508493290332191e-05
    },
    "2": {
      "natr_14": 0.00019623938327950082,
      "atr_14": 2.2151481331783947e-06,
      "natr_50": 0.002033966493702333,
      "bollinger_width_20": 4.07859415073038e-06,
      "hl_range_norm": 4.196914406476102e-08,
      "chop_14": 0.0,
      "roc_10": -3.1521414219701427e-07,
      "ema_slope_21": -7.2244423218589916e-09,
      "dm_diff": 1.1622512090496077e-07,
      "ema_slope_8": -7.146546269251647e-10
    },
    "3": {
      "natr_14": 0.0029260583019422816,
      "atr_14": 3.2542341323813744e-05,
      "natr_50": 0.0008984639191784178,
      "bollinger_width_20": 0.0003762658046536462,
      "hl_range_norm": 0.00014258950168348898,
      "chop_14": 0.0,
      "roc_10": -0.003823347834114485,
      "ema_slope_21": -2.7249835197698773e-06,
      "dm_diff": -3.5033742925332664e-05,
      "ema_slope_8": -5.096430672390221e-06
    },
    "4": {
      "natr_14": 0.04820141295589318,
      "atr_14": 0.0005348145695653075,
      "natr_50": 0.039246949115106754,
      "bollinger_width_20": 0.0029702783497479847,
      "hl_range_norm": 0.0005173253068659324,
      "chop_14": 38.47461195039079,
      "roc_10": -0.10685841924477195,
      "ema_slope_21": -7.166452450483369e-05,
      "dm_diff": -0.0011359414152933326,
      "ema_slope_8": -8.243243475143227e-05
    },
    "5": {
      "natr_14": 0.04788852226671585,
      "atr_14": 0.0005322830387787209,
      "natr_50": 0.03887855112543023,
      "bollinger_width_20": 0.002970832557093523,
      "hl_range_norm": 0.0005064012129267297,
      "chop_14": 38.42847130890236,
      "roc_10": 0.1084191467739643,
      "ema_slope_21": 7.174780487237082e-05,
      "dm_diff": 0.0011123432472180293,
      "ema_slope_8": 8.526633558540471e-05
    },
    "6": {
      "natr_14": 0.05852264957519091,
      "atr_14": 0.0006434603577086151,
      "natr_50": 0.04495351549757409,
      "bollinger_width_20": 0.004057992782597114,
      "hl_range_norm": 0.0007369978194167801,
      "chop_14": 34.21528407752779,
      "roc_10": -0.25448030023891444,
      "ema_slope_21": -0.0001601744580152122,
      "dm_diff": -0.0022651635988768615,
      "ema_slope_8": -0.00024170427262146108
    },
    "7": {
      "natr_14": 0.05837197873378272,
      "atr_14": 0.0006416480193126034,
      "natr_50": 0.04482787170862312,
      "bollinger_width_20": 0.004041768818930447,
      "hl_range_norm": 0.0007421717385803974,
      "chop_14": 34.27044000571002,
      "roc_10": 0.2550696407358328,
      "ema_slope_21": 0.00015896081941478896,
      "dm_diff": 0.002237201079779124,
      "ema_slope_8": 0.00023896219913104266
    },
    "8": {
      "natr_14": 0.08167357736645389,
      "atr_14": 0.0008629377488837662,
      "natr_50": 0.074229960963978,
      "bollinger_width_20": 0.0035496930025265576,
      "hl_range_norm": 0.0007729863502523921,
      "chop_14": 48.927293422875636,
      "roc_10": -0.13702132213519,
      "ema_slope_21": -8.1250140502996e-05,
      "dm_diff": -0.001090908132461835,
      "ema_slope_8": -0.00011712109102607435
    },
    "9": {
      "natr_14": 0.07658831407135823,
      "atr_14": 0.0008089672062363756,
      "natr_50": 0.07412062587914056,
      "bollinger_width_20": 0.002908633817787386,
      "hl_range_norm": 0.0006745818031264347,
      "chop_14": 54.47162740398376,
      "roc_10": -0.0014372443927167305,
      "ema_slope_21": -3.3329891662348466e-06,
      "dm_diff": -3.946696707519769e-05,
      "ema_slope_8": -1.8354599070170605e-06
    },
    "10": {
      "natr_14": 0.08088714808580479,
      "atr_14": 0.0008567915975234467,
      "natr_50": 0.07441293504999673,
      "bollinger_width_20": 0.0035434992658543076,
      "hl_range_norm": 0.0007715649877081612,
      "chop_14": 48.62967891717021,
      "roc_10": 0.13778117768830153,
      "ema_slope_21": 7.890678793698124e-05,
      "dm_diff": 0.0010589253341374402,
      "ema_slope_8": 0.00011885824929304733
    },
    "11": {
      "natr_14": 0.09136441495909177,
      "atr_14": 0.0009704364830657785,
      "natr_50": 0.0735827661409395,
      "bollinger_width_20": 0.005002407923869253,
      "hl_range_norm": 0.0011051050938441275,
      "chop_14": 40.49969194765475,
      "roc_10": -0.31287156611670613,
      "ema_slope_21": -0.00019087834535893937,
      "dm_diff": -0.0025548434070024563,
      "ema_slope_8": -0.00030280074641317117
    },
    "12": {
      "natr_14": 0.09273599011368927,
      "atr_14": 0.000985041689150785,
      "natr_50": 0.07403742385044632,