{
  "full_pipeline": {
    "n_cycles": 1316,
    "n_wins": 1188,
    "n_busts": 128,
    "win_rate": 0.9027355623100304,
    "bust_rate": 0.0972644376899696,
    "net_pnl": -106.05726871147752,
    "avg_win_pnl": 1.1187925193599653,
    "avg_bust_pnl": -11.212365482118111,
    "profit_factor": 0.9261019083680538,
    "max_drawdown_pct": 2.6188392414709716,
    "avg_level": 0.5425531914893617,
    "avg_bars": 92.85942249240122
  },
  "flat_clustering": {
    "n_cycles": 1435,
    "n_wins": 1324,
    "n_busts": 111,
    "win_rate": 0.9226480836236933,
    "bust_rate": 0.07735191637630662,
    "net_pnl": 8.870267870721278,
    "avg_win_pnl": 0.9582799112721934,
    "avg_bust_pnl": -11.350381393276237,
    "profit_factor": 1.0070404967366993,
    "max_drawdown_pct": 7.759600399325397,
    "avg_level": 0.37770034843205574,
    "avg_bars": 88.68641114982579
  },
  "no_gate": {
    "n_cycles": 1858,
    "n_wins": 1654,
    "n_busts": 204,
    "win_rate": 0.8902045209903121,
    "bust_rate": 0.10979547900968784,
    "net_pnl": -181.13046933214102,
    "avg_win_pnl": 1.0403936497674833,
    "avg_bust_pnl": -9.323242970821365,
    "profit_factor": 0.9047654919764176,
    "max_drawdown_pct": 4.279798562103623,
    "avg_level": 0.4946178686759957,
    "avg_bars": 98.85091496232508
  },
  "uniform_sizing": {
    "n_cycles": 1316,
    "n_wins": 1188,
    "n_busts": 128,
    "win_rate": 0.9027355623100304,
    "bust_rate": 0.0972644376899696,
    "net_pnl": 3.9350868173860922,
    "avg_win_pnl": 1.9657801480829629,
    "avg_bust_pnl": -18.214154133634153,
    "profit_factor": 1.00168785580353,
    "max_drawdown_pct": 3.5948284715200063,
    "avg_level": 0.5425531914893617,
    "avg_bars": 92.85942249240122
  },
  "single_global": {
    "n_cycles": 1864,
    "n_wins": 1729,
    "n_busts": 135,
    "win_rate": 0.9275751072961373,
    "bust_rate": 0.07242489270386267,
    "net_pnl": -134.15884985344562,
    "avg_win_pnl": 0.5286735300121308,
    "avg_bust_pnl": -7.764706542551253,
    "profit_factor": 0.8720145761172394,
    "max_drawdown_pct": 2.9909441494397853,
    "avg_level": 0.8444206008583691,
    "avg_bars": 78.83422746781116
  },
  "random_configs": {
    "n_cycles": 1864,
    "n_wins": 1307,
    "n_busts": 557,
    "win_rate": 0.7011802575107297,
    "bust_rate": 0.2988197424892704,
    "net_pnl": 86.27374223420156,
    "avg_win_pnl": 3.7135468634382915,
    "avg_bust_pnl": -8.558944359568482,
    "profit_factor": 1.0180968604838863,
    "max_drawdown_pct": 3.3913980598540947,
    "avg_level": 0.6550429184549357,
    "avg_bars": 146.00697424892704
  },
  "no_pipeline": {
    "n_cycles": 1864,
    "n_wins": 1590,
    "n_busts": 274,
    "win_rate": 0.8530042918454935,
    "bust_rate": 0.14699570815450644,
    "net_pnl": 1490.3000000000861,
    "avg_win_pnl": 13.559748427672957,
    "avg_bust_pnl": -73.24708029197052,
    "profit_factor": 1.0742562170834686,
    "max_drawdown_pct": 33.484732824427596,
    "avg_level": 0.8234978540772532,
    "avg_bars": 173.71351931330472
  }
}