{
  "full_pipeline": {
    "n_cycles": 1082,
    "n_wins": 896,
    "n_busts": 186,
    "win_rate": 0.8280961182994455,
    "bust_rate": 0.17190388170055454,
    "net_pnl": 15149155617.178288,
    "avg_win_pnl": 26496837.09823874,
    "avg_bust_pnl": -46193604.42389042,
    "profit_factor": 2.763167742080615,
    "max_drawdown_pct": 29496767.976632126,
    "avg_level": 2.6377079482439925,
    "avg_bars": 179.34103512014786
  },
  "no_migration": {
    "n_cycles": 1082,
    "n_wins": 896,
    "n_busts": 186,
    "win_rate": 0.8280961182994455,
    "bust_rate": 0.17190388170055454,
    "net_pnl": 15149155617.178288,
    "avg_win_pnl": 26496837.09823874,
    "avg_bust_pnl": -46193604.42389042,
    "profit_factor": 2.763167742080615,
    "max_drawdown_pct": 29496767.976632126,
    "avg_level": 2.6377079482439925,
    "avg_bars": 179.34103512014786
  },
  "flat_clustering": {
    "n_cycles": 1082,
    "n_wins": 896,
    "n_busts": 186,
    "win_rate": 0.8280961182994455,
    "bust_rate": 0.17190388170055454,
    "net_pnl": 15149155617.178288,
    "avg_win_pnl": 26496837.09823874,
    "avg_bust_pnl": -46193604.42389042,
    "profit_factor": 2.763167742080615,
    "max_drawdown_pct": 29496767.976632126,
    "avg_level": 2.6377079482439925,
    "avg_bars": 179.34103512014786
  },
  "single_global": {
    "n_cycles": 1864,
    "n_wins": 1641,
    "n_busts": 223,
    "win_rate": 0.8803648068669528,
    "bust_rate": 0.11963519313304721,
    "net_pnl": 5858.98498572855,
    "avg_win_pnl": 15.046448999401733,
    "avg_bust_pnl": -84.44949696094066,
    "profit_factor": 1.3111146450579443,
    "max_drawdown_pct": 36.27426796643734,
    "avg_level": 0.7290772532188842,
    "avg_bars": 158.65557939914163
  },
  "random_configs": {
    "n_cycles": 1864,
    "n_wins": 775,
    "n_busts": 1089,
    "win_rate": 0.4157725321888412,
    "bust_rate": 0.5842274678111588,
    "net_pnl": 479050.1384419448,
    "avg_win_pnl": 666.6207915940162,
    "avg_bust_pnl": -34.50961895630677,
    "profit_factor": 13.747145008571172,
    "max_drawdown_pct": 49.31757664793719,
    "avg_level": 0.8417381974248928,
    "avg_bars": 345.57081545064375
  },
  "no_hysteresis": {
    "n_cycles": 1082,
    "n_wins": 896,
    "n_busts": 186,
    "win_rate": 0.8280961182994455,
    "bust_rate": 0.17190388170055454,
    "net_pnl": 15149155617.178288,
    "avg_win_pnl": 26496837.09823874,
    "avg_bust_pnl": -46193604.42389042,
    "profit_factor": 2.763167742080615,
    "max_drawdown_pct": 29496767.976632126,
    "avg_level": 2.6377079482439925,
    "avg_bars": 179.34103512014786
  },
  "uniform_sizing": {
    "n_cycles": 1082,
    "n_wins": 896,
    "n_busts": 186,
    "win_rate": 0.8280961182994455,
    "bust_rate": 0.17190388170055454,
    "net_pnl": 36616331667.03339,
    "avg_win_pnl": 88438100.73436873,
    "avg_bust_pnl": -229162401.02667376,
    "profit_factor": 1.859050164110216,
    "max_drawdown_pct": 135376983.96323767,
    "avg_level": 2.6377079482439925,
    "avg_bars": 179.34103512014786
  },
  "no_pipeline": {
    "n_cycles": 1864,
    "n_wins": 1590,
    "n_busts": 274,
    "win_rate": 0.8530042918454935,
    "bust_rate": 0.14699570815450644,
    "net_pnl": 1490.3000000000861,
    "avg_win_pnl": 13.559748427672957,
    "avg_bust_pnl": -73.24708029197052,
    "profit_factor": 1.0742562170834686,
    "max_drawdown_pct": 33.484732824427596,
    "avg_level": 0.8234978540772532,
    "avg_bars": 173.71351931330472
  }
}