{
  "full_pipeline": {
    "n_cycles": 1231,
    "n_wins": 1040,
    "n_busts": 191,
    "win_rate": 0.8448415922014623,
    "bust_rate": 0.15515840779853776,
    "net_pnl": 3015.950124447472,
    "avg_win_pnl": 22.448727265839914,
    "avg_bust_pnl": -106.44359283783285,
    "profit_factor": 1.1483444363977782,
    "max_drawdown_pct": 31.88317791128268,
    "avg_level": 0.8107229894394801,
    "avg_bars": 182.6092607636068
  },
  "no_migration": {
    "n_cycles": 1231,
    "n_wins": 1040,
    "n_busts": 191,
    "win_rate": 0.8448415922014623,
    "bust_rate": 0.15515840779853776,
    "net_pnl": 3015.950124447472,
    "avg_win_pnl": 22.448727265839914,
    "avg_bust_pnl": -106.44359283783285,
    "profit_factor": 1.1483444363977782,
    "max_drawdown_pct": 31.88317791128268,
    "avg_level": 0.8107229894394801,
    "avg_bars": 182.6092607636068
  },
  "flat_clustering": {
    "n_cycles": 1231,
    "n_wins": 1040,
    "n_busts": 191,
    "win_rate": 0.8448415922014623,
    "bust_rate": 0.15515840779853776,
    "net_pnl": 3015.950124447472,
    "avg_win_pnl": 22.448727265839914,
    "avg_bust_pnl": -106.44359283783285,
    "profit_factor": 1.1483444363977782,
    "max_drawdown_pct": 31.88317791128268,
    "avg_level": 0.8107229894394801,
    "avg_bars": 182.6092607636068
  },
  "single_global": {
    "n_cycles": 1864,
    "n_wins": 1590,
    "n_busts": 274,
    "win_rate": 0.8530042918454935,
    "bust_rate": 0.14699570815450644,
    "net_pnl": 4450.672289791057,
    "avg_win_pnl": 32.00421467990433,
    "avg_bust_pnl": -169.4745585812305,
    "profit_factor": 1.0958452387235345,
    "max_drawdown_pct": 70.77272821455743,
    "avg_level": 0.8234978540772532,
    "avg_bars": 173.71351931330472
  },
  "random_configs": {
    "n_cycles": 1864,
    "n_wins": 1590,
    "n_busts": 274,
    "win_rate": 0.8530042918454935,
    "bust_rate": 0.14699570815450644,
    "net_pnl": 1416.1691974840332,
    "avg_win_pnl": 13.706499402872417,
    "avg_bust_pnl": -74.36921479227419,
    "profit_factor": 1.0694978525076684,
    "max_drawdown_pct": 44.192776035079525,
    "avg_level": 0.8234978540772532,
    "avg_bars": 173.71351931330472
  },
  "no_hysteresis": {
    "n_cycles": 1231,
    "n_wins": 1040,
    "n_busts": 191,
    "win_rate": 0.8448415922014623,
    "bust_rate": 0.15515840779853776,
    "net_pnl": 3015.950124447472,
    "avg_win_pnl": 22.448727265839914,
    "avg_bust_pnl": -106.44359283783285,
    "profit_factor": 1.1483444363977782,
    "max_drawdown_pct": 31.88317791128268,
    "avg_level": 0.8107229894394801,
    "avg_bars": 182.6092607636068
  },
  "uniform_sizing": {
    "n_cycles": 1231,
    "n_wins": 1040,
    "n_busts": 191,
    "win_rate": 0.8448415922014623,
    "bust_rate": 0.15515840779853776,
    "net_pnl": 14042.347960945102,
    "avg_win_pnl": 63.90439991404135,
    "avg_bust_pnl": -274.44098402962123,
    "profit_factor": 1.2678905508677552,
    "max_drawdown_pct": 91.93785924981562,
    "avg_level": 0.8107229894394801,
    "avg_bars": 182.6092607636068
  },
  "no_pipeline": {
    "n_cycles": 1864,
    "n_wins": 1590,
    "n_busts": 274,
    "win_rate": 0.8530042918454935,
    "bust_rate": 0.14699570815450644,
    "net_pnl": 1490.3000000000861,
    "avg_win_pnl": 13.559748427672957,
    "avg_bust_pnl": -73.24708029197052,
    "profit_factor": 1.0742562170834686,
    "max_drawdown_pct": 33.484732824427596,
    "avg_level": 0.8234978540772532,
    "avg_bars": 173.71351931330472
  }
}