{
  "variants": {
    "IslandPilot (full)": {
      "profit_factor": 0.9261672660222309,
      "win_rate": 0.8640483383685801,
      "bust_rate": 0.13595166163141995,
      "net_pnl": -6103.030648932532,
      "n_cycles": 1324,
      "max_drawdown_pct": 344.0241418677494
    },
    "Flat Clustering": {
      "profit_factor": 0.8613012814735482,
      "win_rate": 0.8566796368352788,
      "bust_rate": 0.14332036316472113,
      "net_pnl": -14453.021182393712,
      "n_cycles": 1542,
      "max_drawdown_pct": 285.49084453359717
    },
    "No Gate": {
      "profit_factor": 0.9921136496337478,
      "win_rate": 0.8546824542518837,
      "bust_rate": 0.14531754574811626,
      "net_pnl": -775.4873044154465,
      "n_cycles": 1858,
      "max_drawdown_pct": 372.72870014258615
    },
    "Uniform Sizing": {
      "profit_factor": 0.9174382976486601,
      "win_rate": 0.8640483383685801,
      "bust_rate": 0.13595166163141995,
      "net_pnl": -14226.266708401234,
      "n_cycles": 1324,
      "max_drawdown_pct": 573.4344265578773
    },
    "Single Global": {
      "profit_factor": 1.1446778229434682,
      "win_rate": 0.8578326180257511,
      "bust_rate": 0.14216738197424894,
      "net_pnl": 2626.1495945122315,
      "n_cycles": 1864,
      "max_drawdown_pct": 27.990212917616088
    },
    "Random Configs": {
      "profit_factor": 1.0694978525076684,
      "win_rate": 0.8530042918454935,
      "bust_rate": 0.14699570815450644,
      "net_pnl": 1416.1691974840337,
      "n_cycles": 1864,
      "max_drawdown_pct": 44.192776035079525
    },
    "No Pipeline": {
      "profit_factor": 1.0742562170834686,
      "win_rate": 0.8530042918454935,
      "bust_rate": 0.14699570815450644,
      "net_pnl": 1490.3000000000861,
      "n_cycles": 1864,
      "max_drawdown_pct": 33.484732824427596
    }
  },
  "pipeline_n_signals": 1866,
  "pipeline_n_gated": 540,
  "sizer_stats": {
    "calls": 1324,
    "avg_confidence_scale": 0.6151396478582893,
    "avg_drawdown_factor": 0.7639006755364777,
    "avg_combined": 0.47465356776828227
  }
}