{
  "variants": {
    "IslandPilot (full)": {
      "profit_factor": 1.340949085996783,
      "win_rate": 0.8457142857142858,
      "bust_rate": 0.15428571428571428,
      "net_pnl": 7829.453997222704,
      "n_cycles": 1225,
      "max_drawdown_pct": 30.107614629168612
    },
    "No Migration": {
      "profit_factor": 1.1483444363977782,
      "win_rate": 0.8448415922014623,
      "bust_rate": 0.15515840779853776,
      "net_pnl": 3015.950124447472,
      "n_cycles": 1231,
      "max_drawdown_pct": 31.88317791128268
    },
    "Flat Clustering": {
      "profit_factor": 1.1483444363977782,
      "win_rate": 0.8448415922014623,
      "bust_rate": 0.15515840779853776,
      "net_pnl": 3015.950124447472,
      "n_cycles": 1231,
      "max_drawdown_pct": 31.88317791128268
    },
    "Single Global": {
      "profit_factor": 1.0958452387235345,
      "win_rate": 0.8530042918454935,
      "bust_rate": 0.14699570815450644,
      "net_pnl": 4450.672289791057,
      "n_cycles": 1864,
      "max_drawdown_pct": 70.77272821455743
    },
    "Random Configs": {
      "profit_factor": 1.0694978525076684,
      "win_rate": 0.8530042918454935,
      "bust_rate": 0.14699570815450644,
      "net_pnl": 1416.1691974840332,
      "n_cycles": 1864,
      "max_drawdown_pct": 44.192776035079525
    },
    "No Hysteresis": {
      "profit_factor": 1.1483444363977782,
      "win_rate": 0.8448415922014623,
      "bust_rate": 0.15515840779853776,
      "net_pnl": 3015.950124447472,
      "n_cycles": 1231,
      "max_drawdown_pct": 31.88317791128268
    },
    "Uniform Sizing": {
      "profit_factor": 1.2678905508677552,
      "win_rate": 0.8448415922014623,
      "bust_rate": 0.15515840779853776,
      "net_pnl": 14042.347960945102,
      "n_cycles": 1231,
      "max_drawdown_pct": 91.93785924981562
    },
    "No Pipeline": {
      "profit_factor": 1.0742562170834686,
      "win_rate": 0.8530042918454935,
      "bust_rate": 0.14699570815450644,
      "net_pnl": 1490.3000000000861,
      "n_cycles": 1864,
      "max_drawdown_pct": 33.484732824427596
    }
  },
  "pipeline_n_signals": 1866,
  "pipeline_n_gated": 639,
  "sizer_stats": {
    "calls": 1225,
    "avg_confidence_scale": 0.600187351055957,
    "avg_drawdown_factor": 0.7722251199691497,
    "avg_combined": 0.4679151312306937
  }
}